borough,deaths_to_injured_ratio
STATEN ISLAND,0.60562364816149961
MANHATTAN,0.57096085125072371
QUEENS,0.4832929675941654
BROOKLYN,0.44472625882720823
BRONX,0.43017147388244625